marker_id	genomes_found	status
100016at5125	6	OK
100134at5125	6	OK
100193at5125	6	OK
100369at5125	6	OK
100543at5125	6	OK
100591at5125	6	OK
100890at5125	6	OK
100912at5125	6	OK
100938at5125	6	OK
101132at5125	6	OK
101349at5125	6	OK
101626at5125	6	OK
101923at5125	6	OK
10195at5125	6	OK
102187at5125	6	OK
102371at5125	6	OK
102376at5125	6	OK
102380at5125	6	OK
102469at5125	6	OK
102495at5125	6	OK
102712at5125	6	OK
102973at5125	6	OK
102991at5125	6	OK
102999at5125	6	OK
103079at5125	6	OK
103246at5125	6	OK
103389at5125	6	OK
103464at5125	6	OK
103501at5125	6	OK
103560at5125	6	OK
103732at5125	6	OK
103841at5125	6	OK
103916at5125	6	OK
104084at5125	6	OK
104111at5125	6	OK
104173at5125	6	OK
104238at5125	6	OK
104262at5125	6	OK
104269at5125	6	OK
104466at5125	6	OK
104538at5125	6	OK
104742at5125	6	OK
104766at5125	6	OK
104768at5125	6	OK
104968at5125	6	OK
105138at5125	6	OK
105180at5125	6	OK
105225at5125	6	OK
105299at5125	6	OK
105489at5125	6	OK
105530at5125	6	OK
105580at5125	6	OK
105614at5125	6	OK
105654at5125	6	OK
105695at5125	6	OK
105776at5125	6	OK
105939at5125	6	OK
106128at5125	6	OK
106152at5125	6	OK
106221at5125	6	OK
106310at5125	6	OK
106359at5125	6	OK
106422at5125	6	OK
106494at5125	6	OK
106566at5125	6	OK
106728at5125	6	OK
106881at5125	6	OK
106933at5125	6	OK
106941at5125	6	OK
106967at5125	6	OK
107077at5125	6	OK
107152at5125	6	OK
107223at5125	6	OK
107275at5125	6	OK
107302at5125	6	OK
10731at5125	6	OK
107397at5125	6	OK
107412at5125	6	OK
107539at5125	6	OK
107762at5125	6	OK
107805at5125	6	OK
107837at5125	6	OK
107842at5125	6	OK
107962at5125	6	OK
108018at5125	6	OK
108043at5125	6	OK
108096at5125	6	OK
108323at5125	6	OK
108705at5125	6	OK
108906at5125	6	OK
108912at5125	6	OK
109234at5125	6	OK
109291at5125	6	OK
109388at5125	6	OK
109405at5125	6	OK
109489at5125	6	OK
109622at5125	6	OK
109683at5125	6	OK
109748at5125	6	OK
109749at5125	6	OK
109787at5125	6	OK
109995at5125	6	OK
110213at5125	6	OK
110350at5125	6	OK
110477at5125	6	OK
110553at5125	6	OK
110607at5125	6	OK
110706at5125	6	OK
110760at5125	6	OK
111006at5125	6	OK
111022at5125	6	OK
111121at5125	6	OK
111141at5125	6	OK
111250at5125	6	OK
111256at5125	6	OK
111448at5125	6	OK
111472at5125	6	OK
111633at5125	6	OK
111745at5125	6	OK
111793at5125	6	OK
111814at5125	6	OK
111824at5125	6	OK
111974at5125	6	OK
112361at5125	6	OK
112495at5125	6	OK
1126at5125	6	OK
112759at5125	6	OK
112857at5125	6	OK
113297at5125	6	OK
113478at5125	6	OK
113652at5125	6	OK
113708at5125	6	OK
113918at5125	6	OK
113996at5125	6	OK
114075at5125	6	OK
114290at5125	6	OK
114765at5125	6	OK
114818at5125	6	OK
114988at5125	6	OK
11508at5125	6	OK
115096at5125	6	OK
115231at5125	6	OK
115232at5125	6	OK
115704at5125	6	OK
115723at5125	6	OK
115821at5125	6	OK
116059at5125	6	OK
116160at5125	6	OK
116354at5125	6	OK
116362at5125	6	OK
116774at5125	6	OK
116802at5125	6	OK
116813at5125	6	OK
116853at5125	6	OK
116889at5125	6	OK
116909at5125	6	OK
117043at5125	6	OK
117138at5125	6	OK
117213at5125	6	OK
117246at5125	6	OK
117310at5125	6	OK
117335at5125	6	OK
117461at5125	6	OK
117522at5125	6	OK
117651at5125	6	OK
117708at5125	6	OK
117713at5125	6	OK
117758at5125	6	OK
117851at5125	6	OK
117933at5125	6	OK
117967at5125	6	OK
118152at5125	6	OK
118180at5125	6	OK
118228at5125	6	OK
118240at5125	6	OK
118246at5125	6	OK
118253at5125	6	OK
118267at5125	6	OK
118271at5125	6	OK
118331at5125	6	OK
118348at5125	6	OK
118429at5125	6	OK
118641at5125	6	OK
118684at5125	6	OK
118692at5125	6	OK
118702at5125	6	OK
118861at5125	6	OK
118862at5125	6	OK
118905at5125	6	OK
118929at5125	6	OK
119185at5125	6	OK
119210at5125	6	OK
119486at5125	6	OK
119545at5125	6	OK
119604at5125	6	OK
119667at5125	6	OK
119948at5125	6	OK
120005at5125	6	OK
120027at5125	6	OK
120029at5125	6	OK
120169at5125	6	OK
120211at5125	6	OK
120257at5125	6	OK
120267at5125	6	OK
120738at5125	6	OK
120864at5125	6	OK
120923at5125	6	OK
120978at5125	6	OK
121194at5125	6	OK
121248at5125	6	OK
121296at5125	6	OK
121343at5125	6	OK
121374at5125	6	OK
121394at5125	6	OK
121522at5125	6	OK
121723at5125	6	OK
121996at5125	6	OK
122130at5125	6	OK
122213at5125	6	OK
122476at5125	6	OK
122625at5125	6	OK
122644at5125	6	OK
122741at5125	6	OK
122746at5125	6	OK
122783at5125	6	OK
123028at5125	6	OK
123209at5125	6	OK
123402at5125	6	OK
123445at5125	6	OK
123602at5125	6	OK
123654at5125	6	OK
123677at5125	6	OK
123797at5125	6	OK
123931at5125	6	OK
124050at5125	6	OK
124218at5125	6	OK
124265at5125	6	OK
124274at5125	6	OK
124375at5125	6	OK
124478at5125	6	OK
124584at5125	6	OK
124677at5125	6	OK
124784at5125	6	OK
124800at5125	6	OK
124854at5125	6	OK
124897at5125	6	OK
125149at5125	6	OK
125215at5125	6	OK
125236at5125	6	OK
125329at5125	6	OK
125872at5125	6	OK
126424at5125	6	OK
126537at5125	6	OK
126820at5125	6	OK
126821at5125	6	OK
126981at5125	6	OK
127075at5125	6	OK
127259at5125	6	OK
127293at5125	6	OK
127395at5125	6	OK
127405at5125	6	OK
127455at5125	6	OK
127620at5125	6	OK
127853at5125	6	OK
128056at5125	6	OK
128161at5125	6	OK
128629at5125	6	OK
128686at5125	6	OK
128844at5125	6	OK
129146at5125	6	OK
129299at5125	6	OK
129422at5125	6	OK
129579at5125	6	OK
129627at5125	6	OK
130113at5125	6	OK
130228at5125	6	OK
130446at5125	6	OK
130464at5125	6	OK
130491at5125	6	OK
130536at5125	6	OK
131341at5125	6	OK
131466at5125	6	OK
131496at5125	6	OK
131823at5125	6	OK
132232at5125	6	OK
132328at5125	6	OK
132392at5125	6	OK
132508at5125	6	OK
132518at5125	6	OK
132519at5125	6	OK
132532at5125	6	OK
132557at5125	6	OK
132837at5125	6	OK
132861at5125	6	OK
132880at5125	6	OK
133074at5125	6	OK
133284at5125	6	OK
13332at5125	6	OK
133736at5125	6	OK
133765at5125	6	OK
133785at5125	6	OK
134188at5125	6	OK
134459at5125	6	OK
134497at5125	6	OK
134824at5125	6	OK
135314at5125	6	OK
136016at5125	6	OK
136066at5125	6	OK
136151at5125	6	OK
136161at5125	6	OK
13666at5125	6	OK
1368at5125	6	OK
137651at5125	6	OK
13873at5125	6	OK
140216at5125	6	OK
140657at5125	6	OK
14224at5125	6	OK
142605at5125	6	OK
142614at5125	6	OK
142659at5125	6	OK
142711at5125	6	OK
142717at5125	6	OK
142744at5125	6	OK
142753at5125	6	OK
142762at5125	6	OK
142765at5125	6	OK
142774at5125	6	OK
142792at5125	6	OK
142796at5125	6	OK
142810at5125	6	OK
142866at5125	6	OK
142896at5125	6	OK
142908at5125	6	OK
142988at5125	6	OK
143020at5125	6	OK
143113at5125	6	OK
143133at5125	6	OK
143201at5125	6	OK
143274at5125	6	OK
143279at5125	6	OK
143328at5125	6	OK
143343at5125	6	OK
143401at5125	6	OK
143419at5125	6	OK
143435at5125	6	OK
143455at5125	6	OK
143458at5125	6	OK
143494at5125	6	OK
143525at5125	6	OK
143569at5125	6	OK
143572at5125	6	OK
143612at5125	6	OK
143650at5125	6	OK
143670at5125	6	OK
143695at5125	6	OK
143708at5125	6	OK
143732at5125	6	OK
143736at5125	6	OK
143746at5125	6	OK
143748at5125	6	OK
143758at5125	6	OK
143788at5125	6	OK
143798at5125	6	OK
143800at5125	6	OK
143850at5125	6	OK
143872at5125	6	OK
143886at5125	6	OK
143897at5125	6	OK
143904at5125	6	OK
143964at5125	6	OK
143977at5125	6	OK
144046at5125	6	OK
144059at5125	6	OK
144088at5125	6	OK
144097at5125	6	OK
144112at5125	6	OK
144123at5125	6	OK
144186at5125	6	OK
144225at5125	6	OK
144228at5125	6	OK
144267at5125	6	OK
144297at5125	6	OK
144298at5125	6	OK
144311at5125	6	OK
144313at5125	6	OK
144326at5125	6	OK
144360at5125	6	OK
144367at5125	6	OK
144375at5125	6	OK
144383at5125	6	OK
144401at5125	6	OK
144467at5125	6	OK
144512at5125	6	OK
144516at5125	6	OK
144517at5125	6	OK
144522at5125	6	OK
144552at5125	6	OK
144576at5125	6	OK
144600at5125	6	OK
144670at5125	6	OK
144726at5125	6	OK
144753at5125	6	OK
144773at5125	6	OK
144785at5125	6	OK
144815at5125	6	OK
144840at5125	6	OK
144864at5125	6	OK
144920at5125	6	OK
144922at5125	6	OK
144945at5125	6	OK
144967at5125	6	OK
144971at5125	6	OK
144984at5125	6	OK
145013at5125	6	OK
145064at5125	6	OK
145125at5125	6	OK
145156at5125	6	OK
145191at5125	6	OK
145275at5125	6	OK
145282at5125	6	OK
145312at5125	6	OK
145316at5125	6	OK
145359at5125	6	OK
145386at5125	6	OK
145393at5125	6	OK
145444at5125	6	OK
145447at5125	6	OK
145460at5125	6	OK
14550at5125	6	OK
145513at5125	6	OK
145527at5125	6	OK
145576at5125	6	OK
145577at5125	6	OK
145586at5125	6	OK
145590at5125	6	OK
145619at5125	6	OK
145636at5125	6	OK
145686at5125	6	OK
145704at5125	6	OK
145724at5125	6	OK
145732at5125	6	OK
145737at5125	6	OK
145748at5125	6	OK
145765at5125	6	OK
145767at5125	6	OK
145777at5125	6	OK
145779at5125	6	OK
145780at5125	6	OK
145787at5125	6	OK
145825at5125	6	OK
145843at5125	6	OK
145874at5125	6	OK
145875at5125	6	OK
145877at5125	6	OK
145887at5125	6	OK
145901at5125	6	OK
145948at5125	6	OK
145968at5125	6	OK
145983at5125	6	OK
145990at5125	6	OK
146029at5125	6	OK
146108at5125	6	OK
146113at5125	6	OK
146159at5125	6	OK
146193at5125	6	OK
146195at5125	6	OK
146210at5125	6	OK
146225at5125	6	OK
146260at5125	6	OK
146304at5125	6	OK
146305at5125	6	OK
146308at5125	6	OK
146354at5125	6	OK
146365at5125	6	OK
146373at5125	6	OK
146407at5125	6	OK
146454at5125	6	OK
146464at5125	6	OK
146492at5125	6	OK
146527at5125	6	OK
146584at5125	6	OK
146592at5125	6	OK
146599at5125	6	OK
146609at5125	6	OK
146614at5125	6	OK
146620at5125	6	OK
146650at5125	6	OK
146684at5125	6	OK
146710at5125	6	OK
146713at5125	6	OK
146718at5125	6	OK
146797at5125	6	OK
146812at5125	6	OK
146835at5125	6	OK
146838at5125	6	OK
146852at5125	6	OK
146866at5125	6	OK
146886at5125	6	OK
146904at5125	6	OK
146944at5125	6	OK
146949at5125	6	OK
146956at5125	6	OK
146958at5125	6	OK
146966at5125	6	OK
146969at5125	6	OK
146977at5125	6	OK
146989at5125	6	OK
146990at5125	6	OK
147012at5125	6	OK
147014at5125	6	OK
147023at5125	6	OK
147050at5125	6	OK
147056at5125	6	OK
147070at5125	6	OK
147089at5125	6	OK
147097at5125	6	OK
147100at5125	6	OK
147105at5125	6	OK
147122at5125	6	OK
147132at5125	6	OK
147139at5125	6	OK
147165at5125	6	OK
147187at5125	6	OK
147196at5125	6	OK
147197at5125	6	OK
147226at5125	6	OK
147233at5125	6	OK
147258at5125	6	OK
147291at5125	6	OK
147307at5125	6	OK
147312at5125	6	OK
147317at5125	6	OK
147328at5125	6	OK
147339at5125	6	OK
147351at5125	6	OK
147370at5125	6	OK
147373at5125	6	OK
147384at5125	6	OK
147386at5125	6	OK
147388at5125	6	OK
147390at5125	6	OK
147407at5125	6	OK
147411at5125	6	OK
147417at5125	6	OK
147418at5125	6	OK
147421at5125	6	OK
147429at5125	6	OK
147430at5125	6	OK
147436at5125	6	OK
147440at5125	6	OK
147464at5125	6	OK
147480at5125	6	OK
147482at5125	6	OK
147491at5125	6	OK
147496at5125	6	OK
147509at5125	6	OK
147526at5125	6	OK
147534at5125	6	OK
147572at5125	6	OK
147594at5125	6	OK
147604at5125	6	OK
147615at5125	6	OK
147629at5125	6	OK
147679at5125	6	OK
147704at5125	6	OK
147706at5125	6	OK
147709at5125	6	OK
147729at5125	6	OK
147732at5125	6	OK
147780at5125	6	OK
147785at5125	6	OK
147791at5125	6	OK
147798at5125	6	OK
147870at5125	6	OK
147897at5125	6	OK
147904at5125	6	OK
147934at5125	6	OK
147945at5125	6	OK
147947at5125	6	OK
147952at5125	6	OK
147969at5125	6	OK
147974at5125	6	OK
147983at5125	6	OK
147987at5125	6	OK
147989at5125	6	OK
147995at5125	6	OK
148025at5125	6	OK
148036at5125	6	OK
148057at5125	6	OK
148071at5125	6	OK
148089at5125	6	OK
148094at5125	6	OK
148115at5125	6	OK
148128at5125	6	OK
148132at5125	6	OK
148139at5125	6	OK
148145at5125	6	OK
148163at5125	6	OK
148171at5125	6	OK
148206at5125	6	OK
148214at5125	6	OK
148218at5125	6	OK
148238at5125	6	OK
148243at5125	6	OK
148251at5125	6	OK
148253at5125	6	OK
148254at5125	6	OK
148294at5125	6	OK
148308at5125	6	OK
148328at5125	6	OK
148364at5125	6	OK
148373at5125	6	OK
148406at5125	6	OK
148432at5125	6	OK
148434at5125	6	OK
148450at5125	6	OK
148482at5125	6	OK
148496at5125	6	OK
148537at5125	6	OK
148544at5125	6	OK
148585at5125	6	OK
148586at5125	6	OK
148589at5125	6	OK
148595at5125	6	OK
148624at5125	6	OK
148633at5125	6	OK
148651at5125	6	OK
148656at5125	6	OK
148661at5125	6	OK
148665at5125	6	OK
148683at5125	6	OK
148703at5125	6	OK
148712at5125	6	OK
148742at5125	6	OK
148749at5125	6	OK
148759at5125	6	OK
148773at5125	6	OK
148781at5125	6	OK
148804at5125	6	OK
148818at5125	6	OK
148833at5125	6	OK
148850at5125	6	OK
148862at5125	6	OK
148868at5125	6	OK
148876at5125	6	OK
148880at5125	6	OK
148888at5125	6	OK
148893at5125	6	OK
148896at5125	6	OK
148904at5125	6	OK
148915at5125	6	OK
148928at5125	6	OK
148932at5125	6	OK
148955at5125	6	OK
148956at5125	6	OK
148968at5125	6	OK
148972at5125	6	OK
148990at5125	6	OK
148993at5125	6	OK
148998at5125	6	OK
149001at5125	6	OK
149002at5125	6	OK
149006at5125	6	OK
149010at5125	6	OK
149043at5125	6	OK
149053at5125	6	OK
149063at5125	6	OK
149072at5125	6	OK
149080at5125	6	OK
149083at5125	6	OK
14908at5125	6	OK
149099at5125	6	OK
149103at5125	6	OK
149105at5125	6	OK
149114at5125	6	OK
149125at5125	6	OK
149138at5125	6	OK
149142at5125	6	OK
149160at5125	6	OK
149188at5125	6	OK
149211at5125	6	OK
149223at5125	6	OK
149224at5125	6	OK
149236at5125	6	OK
149240at5125	6	OK
149243at5125	6	OK
149296at5125	6	OK
149312at5125	6	OK
149338at5125	6	OK
149343at5125	6	OK
149354at5125	6	OK
149362at5125	6	OK
149376at5125	6	OK
149403at5125	6	OK
149444at5125	6	OK
149469at5125	6	OK
149473at5125	6	OK
149477at5125	6	OK
149481at5125	6	OK
149483at5125	6	OK
149512at5125	6	OK
149655at5125	6	OK
149664at5125	6	OK
149674at5125	6	OK
149675at5125	6	OK
149680at5125	6	OK
149736at5125	6	OK
149746at5125	6	OK
149785at5125	6	OK
14979at5125	6	OK
149809at5125	6	OK
149841at5125	6	OK
149845at5125	6	OK
149853at5125	6	OK
149858at5125	6	OK
149862at5125	6	OK
149885at5125	6	OK
149888at5125	6	OK
149901at5125	6	OK
149932at5125	6	OK
149946at5125	6	OK
149950at5125	6	OK
149958at5125	6	OK
149976at5125	6	OK
149988at5125	6	OK
149991at5125	6	OK
149996at5125	6	OK
150004at5125	6	OK
150019at5125	6	OK
150028at5125	6	OK
150032at5125	6	OK
150037at5125	6	OK
150038at5125	6	OK
150047at5125	6	OK
150050at5125	6	OK
150051at5125	6	OK
150080at5125	6	OK
150085at5125	6	OK
150091at5125	6	OK
150103at5125	6	OK
150104at5125	6	OK
150120at5125	6	OK
150127at5125	6	OK
150159at5125	6	OK
150166at5125	6	OK
150171at5125	6	OK
150187at5125	6	OK
150192at5125	6	OK
150195at5125	6	OK
150197at5125	6	OK
150210at5125	6	OK
150217at5125	6	OK
150220at5125	6	OK
150227at5125	6	OK
150228at5125	6	OK
150236at5125	6	OK
150240at5125	6	OK
150271at5125	6	OK
150279at5125	6	OK
150308at5125	6	OK
150311at5125	6	OK
150335at5125	6	OK
150346at5125	6	OK
150363at5125	6	OK
150373at5125	6	OK
150382at5125	6	OK
150395at5125	6	OK
150399at5125	6	OK
150406at5125	6	OK
150438at5125	6	OK
150456at5125	6	OK
150457at5125	6	OK
150461at5125	6	OK
150465at5125	6	OK
150481at5125	6	OK
150497at5125	6	OK
150509at5125	6	OK
150523at5125	6	OK
150576at5125	6	OK
150600at5125	6	OK
150670at5125	6	OK
150671at5125	6	OK
150672at5125	6	OK
150680at5125	6	OK
150689at5125	6	OK
150694at5125	6	OK
150701at5125	6	OK
150703at5125	6	OK
150721at5125	6	OK
150726at5125	6	OK
150733at5125	6	OK
150751at5125	6	OK
150756at5125	6	OK
150768at5125	6	OK
150783at5125	6	OK
150796at5125	6	OK
150806at5125	6	OK
150808at5125	6	OK
150815at5125	6	OK
150827at5125	6	OK
150843at5125	6	OK
150867at5125	6	OK
150883at5125	6	OK
150884at5125	6	OK
150938at5125	6	OK
150957at5125	6	OK
151009at5125	6	OK
151015at5125	6	OK
151020at5125	6	OK
151028at5125	6	OK
151056at5125	6	OK
151058at5125	6	OK
151069at5125	6	OK
151086at5125	6	OK
151093at5125	6	OK
151095at5125	6	OK
151104at5125	6	OK
151105at5125	6	OK
151118at5125	6	OK
15111at5125	6	OK
151120at5125	6	OK
151123at5125	6	OK
151131at5125	6	OK
151132at5125	6	OK
151151at5125	6	OK
151158at5125	6	OK
151166at5125	6	OK
151185at5125	6	OK
151213at5125	6	OK
151218at5125	6	OK
151232at5125	6	OK
151237at5125	6	OK
151273at5125	6	OK
151285at5125	6	OK
151305at5125	6	OK
151310at5125	6	OK
151321at5125	6	OK
151327at5125	6	OK
151342at5125	6	OK
151350at5125	6	OK
151354at5125	6	OK
151360at5125	6	OK
151371at5125	6	OK
151378at5125	6	OK
151383at5125	6	OK
151413at5125	6	OK
151417at5125	6	OK
151426at5125	6	OK
151438at5125	6	OK
151448at5125	6	OK
151449at5125	6	OK
151457at5125	6	OK
151470at5125	6	OK
151471at5125	6	OK
151483at5125	6	OK
151512at5125	6	OK
151520at5125	6	OK
151526at5125	6	OK
151536at5125	6	OK
151538at5125	6	OK
151541at5125	6	OK
151570at5125	6	OK
151574at5125	6	OK
151581at5125	6	OK
151611at5125	6	OK
151617at5125	6	OK
151627at5125	6	OK
151655at5125	6	OK
151656at5125	6	OK
151663at5125	6	OK
151672at5125	6	OK
151680at5125	6	OK
151697at5125	6	OK
151699at5125	6	OK
151701at5125	6	OK
151703at5125	6	OK
151704at5125	6	OK
151705at5125	6	OK
151716at5125	6	OK
151725at5125	6	OK
151756at5125	6	OK
151764at5125	6	OK
151769at5125	6	OK
151779at5125	6	OK
151787at5125	6	OK
151789at5125	6	OK
151794at5125	6	OK
151800at5125	6	OK
151818at5125	6	OK
151837at5125	6	OK
151841at5125	6	OK
151854at5125	6	OK
151859at5125	6	OK
151867at5125	6	OK
151883at5125	6	OK
151886at5125	6	OK
151896at5125	6	OK
151899at5125	6	OK
151933at5125	6	OK
151998at5125	6	OK
152000at5125	6	OK
152006at5125	6	OK
152012at5125	6	OK
152023at5125	6	OK
152034at5125	6	OK
152046at5125	6	OK
152057at5125	6	OK
152071at5125	6	OK
152081at5125	6	OK
152092at5125	6	OK
152107at5125	6	OK
152116at5125	6	OK
152125at5125	6	OK
152161at5125	6	OK
152172at5125	6	OK
152179at5125	6	OK
152195at5125	6	OK
152196at5125	6	OK
152202at5125	6	OK
152211at5125	6	OK
152222at5125	6	OK
152227at5125	6	OK
152242at5125	6	OK
152244at5125	6	OK
152260at5125	6	OK
152261at5125	6	OK
152266at5125	6	OK
152289at5125	6	OK
152322at5125	6	OK
152327at5125	6	OK
152343at5125	6	OK
152348at5125	6	OK
152349at5125	6	OK
152352at5125	6	OK
152373at5125	6	OK
152393at5125	6	OK
152397at5125	6	OK
152424at5125	6	OK
152438at5125	6	OK
152454at5125	6	OK
152456at5125	6	OK
152467at5125	6	OK
152523at5125	6	OK
152551at5125	6	OK
152555at5125	6	OK
152589at5125	6	OK
152595at5125	6	OK
152649at5125	6	OK
152659at5125	6	OK
152690at5125	6	OK
15273at5125	6	OK
152758at5125	6	OK
1531at5125	6	OK
153258at5125	6	OK
154892at5125	6	OK
154938at5125	6	OK
154949at5125	6	OK
155010at5125	6	OK
155052at5125	6	OK
155071at5125	6	OK
155075at5125	6	OK
155084at5125	6	OK
155115at5125	6	OK
155151at5125	6	OK
155176at5125	6	OK
155231at5125	6	OK
155322at5125	6	OK
155349at5125	6	OK
155402at5125	6	OK
155438at5125	6	OK
155446at5125	6	OK
155453at5125	6	OK
155476at5125	6	OK
155530at5125	6	OK
155682at5125	6	OK
155744at5125	6	OK
155745at5125	6	OK
155764at5125	6	OK
155846at5125	6	OK
155853at5125	6	OK
155934at5125	6	OK
155969at5125	6	OK
155994at5125	6	OK
155998at5125	6	OK
156019at5125	6	OK
156042at5125	6	OK
156052at5125	6	OK
156063at5125	6	OK
156070at5125	6	OK
15613at5125	6	OK
156142at5125	6	OK
156263at5125	6	OK
156336at5125	6	OK
156353at5125	6	OK
156424at5125	6	OK
156446at5125	6	OK
156448at5125	6	OK
156459at5125	6	OK
156460at5125	6	OK
156487at5125	6	OK
156493at5125	6	OK
156506at5125	6	OK
156541at5125	6	OK
156580at5125	6	OK
156597at5125	6	OK
156601at5125	6	OK
156607at5125	6	OK
156648at5125	6	OK
156680at5125	6	OK
156754at5125	6	OK
156767at5125	6	OK
156795at5125	6	OK
156876at5125	6	OK
156919at5125	6	OK
157037at5125	6	OK
157079at5125	6	OK
157088at5125	6	OK
157125at5125	6	OK
157168at5125	6	OK
157199at5125	6	OK
157200at5125	6	OK
157214at5125	6	OK
157308at5125	6	OK
157320at5125	6	OK
157326at5125	6	OK
157343at5125	6	OK
157348at5125	6	OK
157356at5125	6	OK
157399at5125	6	OK
157425at5125	6	OK
157510at5125	6	OK
157540at5125	6	OK
157566at5125	6	OK
157567at5125	6	OK
157569at5125	6	OK
157586at5125	6	OK
157650at5125	6	OK
157655at5125	6	OK
157662at5125	6	OK
157705at5125	6	OK
157724at5125	6	OK
157969at5125	6	OK
158013at5125	6	OK
158038at5125	6	OK
158146at5125	6	OK
158150at5125	6	OK
158153at5125	6	OK
158169at5125	6	OK
158172at5125	6	OK
158184at5125	6	OK
158191at5125	6	OK
158279at5125	6	OK
158308at5125	6	OK
158369at5125	6	OK
158376at5125	6	OK
158397at5125	6	OK
158495at5125	6	OK
158575at5125	6	OK
158635at5125	6	OK
158676at5125	6	OK
158696at5125	6	OK
158729at5125	6	OK
158755at5125	6	OK
158919at5125	6	OK
158971at5125	6	OK
159034at5125	6	OK
159074at5125	6	OK
159093at5125	6	OK
159129at5125	6	OK
159220at5125	6	OK
159240at5125	6	OK
159254at5125	6	OK
159413at5125	6	OK
159414at5125	6	OK
159419at5125	6	OK
159434at5125	6	OK
159464at5125	6	OK
159568at5125	6	OK
159586at5125	6	OK
159599at5125	6	OK
159608at5125	6	OK
159659at5125	6	OK
159675at5125	6	OK
159725at5125	6	OK
159775at5125	6	OK
159779at5125	6	OK
159795at5125	6	OK
159847at5125	6	OK
159849at5125	6	OK
159893at5125	6	OK
159947at5125	6	OK
159977at5125	6	OK
160054at5125	6	OK
160084at5125	6	OK
160146at5125	6	OK
160150at5125	6	OK
160252at5125	6	OK
160254at5125	6	OK
160288at5125	6	OK
160311at5125	6	OK
160363at5125	6	OK
160402at5125	6	OK
160416at5125	6	OK
160430at5125	6	OK
160481at5125	6	OK
160515at5125	6	OK
160549at5125	6	OK
160558at5125	6	OK
160590at5125	6	OK
160649at5125	6	OK
160656at5125	6	OK
160794at5125	6	OK
160829at5125	6	OK
160886at5125	6	OK
160944at5125	6	OK
160997at5125	6	OK
161002at5125	6	OK
161011at5125	6	OK
161030at5125	6	OK
161032at5125	6	OK
161067at5125	6	OK
161079at5125	6	OK
161093at5125	6	OK
161105at5125	6	OK
161125at5125	6	OK
161133at5125	6	OK
161150at5125	6	OK
161183at5125	6	OK
161216at5125	6	OK
161227at5125	6	OK
161246at5125	6	OK
161328at5125	6	OK
161391at5125	6	OK
161397at5125	6	OK
161429at5125	6	OK
161480at5125	6	OK
161490at5125	6	OK
161503at5125	6	OK
161523at5125	6	OK
161527at5125	6	OK
161531at5125	6	OK
161548at5125	6	OK
161642at5125	6	OK
161710at5125	6	OK
161824at5125	6	OK
161946at5125	6	OK
161951at5125	6	OK
162051at5125	6	OK
162075at5125	6	OK
162144at5125	6	OK
162201at5125	6	OK
162224at5125	6	OK
162236at5125	6	OK
162248at5125	6	OK
162354at5125	6	OK
162355at5125	6	OK
162375at5125	6	OK
162432at5125	6	OK
162479at5125	6	OK
162488at5125	6	OK
162501at5125	6	OK
162504at5125	6	OK
162562at5125	6	OK
162575at5125	6	OK
162618at5125	6	OK
162624at5125	6	OK
162678at5125	6	OK
162679at5125	6	OK
162696at5125	6	OK
162702at5125	6	OK
162724at5125	6	OK
162765at5125	6	OK
162780at5125	6	OK
162790at5125	6	OK
162796at5125	6	OK
16289at5125	6	OK
162917at5125	6	OK
163016at5125	6	OK
163041at5125	6	OK
163068at5125	6	OK
163085at5125	6	OK
163087at5125	6	OK
163259at5125	6	OK
163274at5125	6	OK
163287at5125	6	OK
163290at5125	6	OK
163311at5125	6	OK
163351at5125	6	OK
163352at5125	6	OK
163395at5125	6	OK
163439at5125	6	OK
163469at5125	6	OK
163474at5125	6	OK
16347at5125	6	OK
163535at5125	6	OK
163602at5125	6	OK
163631at5125	6	OK
163663at5125	6	OK
163684at5125	6	OK
163789at5125	6	OK
163803at5125	6	OK
163818at5125	6	OK
163824at5125	6	OK
163848at5125	6	OK
163863at5125	6	OK
164029at5125	6	OK
164031at5125	6	OK
164071at5125	6	OK
164119at5125	6	OK
164130at5125	6	OK
164134at5125	6	OK
164188at5125	6	OK
164199at5125	6	OK
164200at5125	6	OK
164218at5125	6	OK
164221at5125	6	OK
164226at5125	6	OK
164238at5125	6	OK
164296at5125	6	OK
164437at5125	6	OK
164522at5125	6	OK
164556at5125	6	OK
164705at5125	6	OK
164715at5125	6	OK
164835at5125	6	OK
164881at5125	6	OK
164904at5125	6	OK
164914at5125	6	OK
164921at5125	6	OK
164922at5125	6	OK
164929at5125	6	OK
164949at5125	6	OK
164952at5125	6	OK
164959at5125	6	OK
164965at5125	6	OK
165013at5125	6	OK
165014at5125	6	OK
165064at5125	6	OK
165113at5125	6	OK
165144at5125	6	OK
165187at5125	6	OK
165211at5125	6	OK
165230at5125	6	OK
165246at5125	6	OK
165247at5125	6	OK
165282at5125	6	OK
165325at5125	6	OK
165342at5125	6	OK
165431at5125	6	OK
165485at5125	6	OK
165493at5125	6	OK
165595at5125	6	OK
165599at5125	6	OK
165659at5125	6	OK
165660at5125	6	OK
165698at5125	6	OK
165703at5125	6	OK
165709at5125	6	OK
165768at5125	6	OK
165808at5125	6	OK
165862at5125	6	OK
165878at5125	6	OK
165916at5125	6	OK
165951at5125	6	OK
165969at5125	6	OK
165977at5125	6	OK
165983at5125	6	OK
166182at5125	6	OK
166209at5125	6	OK
166238at5125	6	OK
166245at5125	6	OK
166248at5125	6	OK
166250at5125	6	OK
166288at5125	6	OK
166322at5125	6	OK
166371at5125	6	OK
166384at5125	6	OK
166414at5125	6	OK
166423at5125	6	OK
166485at5125	6	OK
166533at5125	6	OK
166537at5125	6	OK
166549at5125	6	OK
166587at5125	6	OK
166628at5125	6	OK
166753at5125	6	OK
166761at5125	6	OK
166762at5125	6	OK
166766at5125	6	OK
166798at5125	6	OK
1667at5125	6	OK
166802at5125	6	OK
166815at5125	6	OK
166819at5125	6	OK
166847at5125	6	OK
166969at5125	6	OK
166980at5125	6	OK
166982at5125	6	OK
167022at5125	6	OK
167056at5125	6	OK
167093at5125	6	OK
167122at5125	6	OK
167188at5125	6	OK
167197at5125	6	OK
167295at5125	6	OK
167343at5125	6	OK
167364at5125	6	OK
167407at5125	6	OK
167423at5125	6	OK
167438at5125	6	OK
167458at5125	6	OK
167468at5125	6	OK
167501at5125	6	OK
167575at5125	6	OK
167616at5125	6	OK
167635at5125	6	OK
167651at5125	6	OK
167682at5125	6	OK
167715at5125	6	OK
167742at5125	6	OK
167802at5125	6	OK
167858at5125	6	OK
167865at5125	6	OK
167888at5125	6	OK
167949at5125	6	OK
16795at5125	6	OK
168018at5125	6	OK
168073at5125	6	OK
168120at5125	6	OK
168133at5125	6	OK
168155at5125	6	OK
168213at5125	6	OK
168222at5125	6	OK
168224at5125	6	OK
168254at5125	6	OK
168294at5125	6	OK
168384at5125	6	OK
168410at5125	6	OK
168429at5125	6	OK
168442at5125	6	OK
168447at5125	6	OK
168579at5125	6	OK
168616at5125	6	OK
168621at5125	6	OK
168688at5125	6	OK
168712at5125	6	OK
168749at5125	6	OK
168782at5125	6	OK
168804at5125	6	OK
168819at5125	6	OK
168857at5125	6	OK
168897at5125	6	OK
168910at5125	6	OK
168983at5125	6	OK
168990at5125	6	OK
169002at5125	6	OK
169162at5125	6	OK
169205at5125	6	OK
169207at5125	6	OK
169282at5125	6	OK
169411at5125	6	OK
169418at5125	6	OK
169465at5125	6	OK
169475at5125	6	OK
169487at5125	6	OK
169530at5125	6	OK
169582at5125	6	OK
169629at5125	6	OK
169669at5125	6	OK
169678at5125	6	OK
169680at5125	6	OK
169685at5125	6	OK
169723at5125	6	OK
169814at5125	6	OK
169905at5125	6	OK
169970at5125	6	OK
169976at5125	6	OK
169978at5125	6	OK
169985at5125	6	OK
170037at5125	6	OK
170050at5125	6	OK
170089at5125	6	OK
170120at5125	6	OK
170121at5125	6	OK
170131at5125	6	OK
170132at5125	6	OK
170143at5125	6	OK
170147at5125	6	OK
170149at5125	6	OK
170199at5125	6	OK
170211at5125	6	OK
170226at5125	6	OK
170249at5125	6	OK
170297at5125	6	OK
170366at5125	6	OK
170372at5125	6	OK
170435at5125	6	OK
170488at5125	6	OK
170530at5125	6	OK
170560at5125	6	OK
170573at5125	6	OK
170581at5125	6	OK
170594at5125	6	OK
170607at5125	6	OK
170630at5125	6	OK
170639at5125	6	OK
170661at5125	6	OK
170683at5125	6	OK
170704at5125	6	OK
170726at5125	6	OK
170742at5125	6	OK
170827at5125	6	OK
170842at5125	6	OK
170843at5125	6	OK
170867at5125	6	OK
170879at5125	6	OK
170909at5125	6	OK
170956at5125	6	OK
170967at5125	6	OK
170975at5125	6	OK
171001at5125	6	OK
171040at5125	6	OK
171080at5125	6	OK
171105at5125	6	OK
171114at5125	6	OK
171217at5125	6	OK
171222at5125	6	OK
171237at5125	6	OK
171239at5125	6	OK
171242at5125	6	OK
171267at5125	6	OK
171303at5125	6	OK
171324at5125	6	OK
171343at5125	6	OK
171374at5125	6	OK
171431at5125	6	OK
171475at5125	6	OK
171538at5125	6	OK
171553at5125	6	OK
171555at5125	6	OK
171556at5125	6	OK
171558at5125	6	OK
171567at5125	6	OK
171602at5125	6	OK
171619at5125	6	OK
171648at5125	6	OK
171651at5125	6	OK
171676at5125	6	OK
171683at5125	6	OK
171700at5125	6	OK
171763at5125	6	OK
171815at5125	6	OK
171887at5125	6	OK
171971at5125	6	OK
171989at5125	6	OK
172016at5125	6	OK
172037at5125	6	OK
172069at5125	6	OK
172099at5125	6	OK
172153at5125	6	OK
172166at5125	6	OK
172183at5125	6	OK
172219at5125	6	OK
172250at5125	6	OK
172292at5125	6	OK
172332at5125	6	OK
172371at5125	6	OK
172379at5125	6	OK
172393at5125	6	OK
172395at5125	6	OK
172407at5125	6	OK
172443at5125	6	OK
172445at5125	6	OK
172478at5125	6	OK
172493at5125	6	OK
172496at5125	6	OK
172525at5125	6	OK
172569at5125	6	OK
172585at5125	6	OK
172616at5125	6	OK
172619at5125	6	OK
172679at5125	6	OK
172680at5125	6	OK
172691at5125	6	OK
172728at5125	6	OK
172742at5125	6	OK
172757at5125	6	OK
172843at5125	6	OK
172848at5125	6	OK
172851at5125	6	OK
172878at5125	6	OK
172891at5125	6	OK
172896at5125	6	OK
172946at5125	6	OK
172978at5125	6	OK
172981at5125	6	OK
173042at5125	6	OK
173046at5125	6	OK
173074at5125	6	OK
173080at5125	6	OK
173197at5125	6	OK
173242at5125	6	OK
17326at5125	6	OK
173277at5125	6	OK
173307at5125	6	OK
173315at5125	6	OK
173335at5125	6	OK
173344at5125	6	OK
173363at5125	6	OK
173373at5125	6	OK
173416at5125	6	OK
173430at5125	6	OK
173436at5125	6	OK
173461at5125	6	OK
173466at5125	6	OK
173487at5125	6	OK
173562at5125	6	OK
173587at5125	6	OK
173599at5125	6	OK
173613at5125	6	OK
173625at5125	6	OK
173636at5125	6	OK
173688at5125	6	OK
173731at5125	6	OK
173737at5125	6	OK
173785at5125	6	OK
173794at5125	6	OK
173817at5125	6	OK
173819at5125	6	OK
173843at5125	6	OK
173863at5125	6	OK
173880at5125	6	OK
173888at5125	6	OK
173893at5125	6	OK
173896at5125	6	OK
173898at5125	6	OK
173929at5125	6	OK
173947at5125	6	OK
173960at5125	6	OK
173964at5125	6	OK
173992at5125	6	OK
174000at5125	6	OK
174012at5125	6	OK
174046at5125	6	OK
174060at5125	6	OK
174062at5125	6	OK
174106at5125	6	OK
174130at5125	6	OK
174131at5125	6	OK
174146at5125	6	OK
174148at5125	6	OK
174261at5125	6	OK
174291at5125	6	OK
174305at5125	6	OK
174321at5125	6	OK
174344at5125	6	OK
174382at5125	6	OK
174415at5125	6	OK
174421at5125	6	OK
174457at5125	6	OK
174527at5125	6	OK
174539at5125	6	OK
174550at5125	6	OK
174557at5125	6	OK
174559at5125	6	OK
174576at5125	6	OK
174678at5125	6	OK
174696at5125	6	OK
174700at5125	6	OK
174722at5125	6	OK
174745at5125	6	OK
174774at5125	6	OK
174795at5125	6	OK
174806at5125	6	OK
174815at5125	6	OK
174883at5125	6	OK
174884at5125	6	OK
174963at5125	6	OK
175003at5125	6	OK
175062at5125	6	OK
175064at5125	6	OK
175088at5125	6	OK
175093at5125	6	OK
175097at5125	6	OK
175136at5125	6	OK
175161at5125	6	OK
175175at5125	6	OK
175206at5125	6	OK
175215at5125	6	OK
175228at5125	6	OK
17522at5125	6	OK
175253at5125	6	OK
175267at5125	6	OK
175320at5125	6	OK
175352at5125	6	OK
175362at5125	6	OK
175370at5125	6	OK
175381at5125	6	OK
175414at5125	6	OK
175417at5125	6	OK
175475at5125	6	OK
175492at5125	6	OK
175516at5125	6	OK
175525at5125	6	OK
175600at5125	6	OK
175610at5125	6	OK
175651at5125	6	OK
175726at5125	6	OK
175737at5125	6	OK
175785at5125	6	OK
175786at5125	6	OK
175799at5125	6	OK
175802at5125	6	OK
175820at5125	6	OK
175828at5125	6	OK
175857at5125	6	OK
175878at5125	6	OK
175921at5125	6	OK
175922at5125	6	OK
175924at5125	6	OK
175946at5125	6	OK
175948at5125	6	OK
175949at5125	6	OK
175985at5125	6	OK
175987at5125	6	OK
176029at5125	6	OK
176038at5125	6	OK
176054at5125	6	OK
176071at5125	6	OK
176156at5125	6	OK
176172at5125	6	OK
176182at5125	6	OK
176249at5125	6	OK
176258at5125	6	OK
176259at5125	6	OK
176272at5125	6	OK
176307at5125	6	OK
176311at5125	6	OK
176322at5125	6	OK
176443at5125	6	OK
176471at5125	6	OK
176491at5125	6	OK
176503at5125	6	OK
176507at5125	6	OK
176520at5125	6	OK
176523at5125	6	OK
176599at5125	6	OK
176646at5125	6	OK
176713at5125	6	OK
176723at5125	6	OK
176741at5125	6	OK
176762at5125	6	OK
176785at5125	6	OK
176788at5125	6	OK
176799at5125	6	OK
17680at5125	6	OK
176811at5125	6	OK
176871at5125	6	OK
176904at5125	6	OK
176948at5125	6	OK
176961at5125	6	OK
176993at5125	6	OK
177036at5125	6	OK
177039at5125	6	OK
177122at5125	6	OK
177147at5125	6	OK
177183at5125	6	OK
177189at5125	6	OK
177222at5125	6	OK
177230at5125	6	OK
177231at5125	6	OK
177232at5125	6	OK
177241at5125	6	OK
177259at5125	6	OK
177278at5125	6	OK
177290at5125	6	OK
177342at5125	6	OK
177353at5125	6	OK
177371at5125	6	OK
177415at5125	6	OK
177426at5125	6	OK
177444at5125	6	OK
177455at5125	6	OK
177457at5125	6	OK
177544at5125	6	OK
177559at5125	6	OK
177564at5125	6	OK
177567at5125	6	OK
177586at5125	6	OK
177630at5125	6	OK
177728at5125	6	OK
177762at5125	6	OK
177766at5125	6	OK
177767at5125	6	OK
177818at5125	6	OK
177827at5125	6	OK
177853at5125	6	OK
177863at5125	6	OK
177880at5125	6	OK
177906at5125	6	OK
177916at5125	6	OK
177931at5125	6	OK
177942at5125	6	OK
177945at5125	6	OK
177959at5125	6	OK
177981at5125	6	OK
178012at5125	6	OK
178040at5125	6	OK
178061at5125	6	OK
178094at5125	6	OK
178097at5125	6	OK
178105at5125	6	OK
178119at5125	6	OK
178137at5125	6	OK
178139at5125	6	OK
178155at5125	6	OK
178166at5125	6	OK
178227at5125	6	OK
178240at5125	6	OK
178276at5125	6	OK
178324at5125	6	OK
178327at5125	6	OK
178344at5125	6	OK
178361at5125	6	OK
178375at5125	6	OK
178441at5125	6	OK
178476at5125	6	OK
178523at5125	6	OK
178535at5125	6	OK
178576at5125	6	OK
178597at5125	6	OK
178606at5125	6	OK
178610at5125	6	OK
178650at5125	6	OK
178718at5125	6	OK
178764at5125	6	OK
178804at5125	6	OK
178886at5125	6	OK
178921at5125	6	OK
178923at5125	6	OK
178941at5125	6	OK
178944at5125	6	OK
179026at5125	6	OK
179037at5125	6	OK
179097at5125	6	OK
179134at5125	6	OK
179152at5125	6	OK
179153at5125	6	OK
179174at5125	6	OK
179189at5125	6	OK
179206at5125	6	OK
179223at5125	6	OK
179304at5125	6	OK
179322at5125	6	OK
179382at5125	6	OK
179401at5125	6	OK
179413at5125	6	OK
179419at5125	6	OK
179428at5125	6	OK
179459at5125	6	OK
179505at5125	6	OK
179554at5125	6	OK
179587at5125	6	OK
179591at5125	6	OK
179593at5125	6	OK
179610at5125	6	OK
179628at5125	6	OK
179633at5125	6	OK
179675at5125	6	OK
179756at5125	6	OK
179758at5125	6	OK
179762at5125	6	OK
179871at5125	6	OK
179888at5125	6	OK
179962at5125	6	OK
179971at5125	6	OK
179973at5125	6	OK
179990at5125	6	OK
180025at5125	6	OK
180064at5125	6	OK
180078at5125	6	OK
180082at5125	6	OK
18011at5125	6	OK
180124at5125	6	OK
180143at5125	6	OK
180173at5125	6	OK
180249at5125	6	OK
180250at5125	6	OK
180318at5125	6	OK
180376at5125	6	OK
180445at5125	6	OK
180530at5125	6	OK
180553at5125	6	OK
180576at5125	6	OK
180624at5125	6	OK
180666at5125	6	OK
180822at5125	6	OK
180908at5125	6	OK
181030at5125	6	OK
181220at5125	6	OK
182804at5125	6	OK
182897at5125	6	OK
182918at5125	6	OK
182989at5125	6	OK
182999at5125	6	OK
183061at5125	6	OK
183164at5125	6	OK
183168at5125	6	OK
183171at5125	6	OK
183175at5125	6	OK
183377at5125	6	OK
183457at5125	6	OK
183521at5125	6	OK
183561at5125	6	OK
183614at5125	6	OK
183626at5125	6	OK
183782at5125	6	OK
183796at5125	6	OK
183819at5125	6	OK
183865at5125	6	OK
183897at5125	6	OK
183976at5125	6	OK
184069at5125	6	OK
184193at5125	6	OK
184197at5125	6	OK
184229at5125	6	OK
184300at5125	6	OK
184393at5125	6	OK
184476at5125	6	OK
184484at5125	6	OK
184544at5125	6	OK
184561at5125	6	OK
184612at5125	6	OK
184693at5125	6	OK
18472at5125	6	OK
184752at5125	6	OK
184768at5125	6	OK
184994at5125	6	OK
185058at5125	6	OK
185075at5125	6	OK
185107at5125	6	OK
185156at5125	6	OK
185264at5125	6	OK
185313at5125	6	OK
185317at5125	6	OK
185362at5125	6	OK
185388at5125	6	OK
185394at5125	6	OK
185410at5125	6	OK
185567at5125	6	OK
185583at5125	6	OK
185656at5125	6	OK
185840at5125	6	OK
185894at5125	6	OK
185977at5125	6	OK
186030at5125	6	OK
186048at5125	6	OK
186270at5125	6	OK
186273at5125	6	OK
186300at5125	6	OK
186342at5125	6	OK
186387at5125	6	OK
186393at5125	6	OK
186423at5125	6	OK
186434at5125	6	OK
186484at5125	6	OK
186540at5125	6	OK
186697at5125	6	OK
186777at5125	6	OK
186797at5125	6	OK
186889at5125	6	OK
186956at5125	6	OK
187114at5125	6	OK
187129at5125	6	OK
187205at5125	6	OK
187222at5125	6	OK
187285at5125	6	OK
187298at5125	6	OK
187359at5125	6	OK
187461at5125	6	OK
187480at5125	6	OK
187488at5125	6	OK
187504at5125	6	OK
187533at5125	6	OK
187543at5125	6	OK
187547at5125	6	OK
187568at5125	6	OK
187581at5125	6	OK
187641at5125	6	OK
187755at5125	6	OK
187776at5125	6	OK
187793at5125	6	OK
187806at5125	6	OK
187890at5125	6	OK
187892at5125	6	OK
187913at5125	6	OK
188033at5125	6	OK
188140at5125	6	OK
188143at5125	6	OK
188183at5125	6	OK
188207at5125	6	OK
188286at5125	6	OK
188305at5125	6	OK
188349at5125	6	OK
188376at5125	6	OK
188560at5125	6	OK
188596at5125	6	OK
188618at5125	6	OK
188661at5125	6	OK
188731at5125	6	OK
188763at5125	6	OK
188849at5125	6	OK
188901at5125	6	OK
188926at5125	6	OK
188935at5125	6	OK
188976at5125	6	OK
189044at5125	6	OK
189094at5125	6	OK
189222at5125	6	OK
189293at5125	6	OK
189299at5125	6	OK
189332at5125	6	OK
189507at5125	6	OK
189623at5125	6	OK
189659at5125	6	OK
189660at5125	6	OK
189770at5125	6	OK
189810at5125	6	OK
189951at5125	6	OK
190097at5125	6	OK
190124at5125	6	OK
190197at5125	6	OK
190296at5125	6	OK
190298at5125	6	OK
190325at5125	6	OK
190395at5125	6	OK
190580at5125	6	OK
190666at5125	6	OK
190669at5125	6	OK
190696at5125	6	OK
190736at5125	6	OK
190757at5125	6	OK
190838at5125	6	OK
191124at5125	6	OK
191165at5125	6	OK
191183at5125	6	OK
191249at5125	6	OK
191303at5125	6	OK
191407at5125	6	OK
191408at5125	6	OK
191486at5125	6	OK
191618at5125	6	OK
191625at5125	6	OK
191739at5125	6	OK
191745at5125	6	OK
191786at5125	6	OK
191871at5125	6	OK
191891at5125	6	OK
191962at5125	6	OK
191986at5125	6	OK
191987at5125	6	OK
192027at5125	6	OK
192042at5125	6	OK
192089at5125	6	OK
192132at5125	6	OK
192205at5125	6	OK
192256at5125	6	OK
192292at5125	6	OK
192395at5125	6	OK
192649at5125	6	OK
192713at5125	6	OK
192816at5125	6	OK
192857at5125	6	OK
192877at5125	6	OK
192893at5125	6	OK
192949at5125	6	OK
192965at5125	6	OK
192988at5125	6	OK
193073at5125	6	OK
193166at5125	6	OK
193301at5125	6	OK
193406at5125	6	OK
193407at5125	6	OK
193439at5125	6	OK
193485at5125	6	OK
193587at5125	6	OK
193628at5125	6	OK
193637at5125	6	OK
193711at5125	6	OK
193733at5125	6	OK
193853at5125	6	OK
193985at5125	6	OK
194051at5125	6	OK
194080at5125	6	OK
194124at5125	6	OK
194148at5125	6	OK
194254at5125	6	OK
194361at5125	6	OK
194382at5125	6	OK
194397at5125	6	OK
194414at5125	6	OK
194467at5125	6	OK
194553at5125	6	OK
194568at5125	6	OK
194652at5125	6	OK
194740at5125	6	OK
194757at5125	6	OK
194785at5125	6	OK
194836at5125	6	OK
194854at5125	6	OK
194873at5125	6	OK
194952at5125	6	OK
194997at5125	6	OK
195037at5125	6	OK
195101at5125	6	OK
195152at5125	6	OK
195164at5125	6	OK
195203at5125	6	OK
195205at5125	6	OK
195281at5125	6	OK
195426at5125	6	OK
195452at5125	6	OK
195540at5125	6	OK
195627at5125	6	OK
195716at5125	6	OK
195719at5125	6	OK
195958at5125	6	OK
196071at5125	6	OK
196091at5125	6	OK
196158at5125	6	OK
196178at5125	6	OK
196194at5125	6	OK
196217at5125	6	OK
196387at5125	6	OK
196389at5125	6	OK
196603at5125	6	OK
196686at5125	6	OK
196710at5125	6	OK
196715at5125	6	OK
196727at5125	6	OK
196731at5125	6	OK
196761at5125	6	OK
196794at5125	6	OK
196877at5125	6	OK
196906at5125	6	OK
196943at5125	6	OK
196979at5125	6	OK
196998at5125	6	OK
196999at5125	6	OK
197053at5125	6	OK
197068at5125	6	OK
197120at5125	6	OK
197129at5125	6	OK
197145at5125	6	OK
197173at5125	6	OK
197178at5125	6	OK
197253at5125	6	OK
197264at5125	6	OK
197313at5125	6	OK
197337at5125	6	OK
197398at5125	6	OK
197462at5125	6	OK
197479at5125	6	OK
197491at5125	6	OK
197523at5125	6	OK
197636at5125	6	OK
197658at5125	6	OK
197724at5125	6	OK
197725at5125	6	OK
197746at5125	6	OK
197771at5125	6	OK
197780at5125	6	OK
197782at5125	6	OK
197849at5125	6	OK
197899at5125	6	OK
197921at5125	6	OK
197963at5125	6	OK
197968at5125	6	OK
197982at5125	6	OK
198052at5125	6	OK
198159at5125	6	OK
198224at5125	6	OK
198257at5125	6	OK
198259at5125	6	OK
198310at5125	6	OK
198345at5125	6	OK
198376at5125	6	OK
198636at5125	6	OK
198788at5125	6	OK
198823at5125	6	OK
198862at5125	6	OK
198909at5125	6	OK
198921at5125	6	OK
199009at5125	6	OK
199079at5125	6	OK
199186at5125	6	OK
199233at5125	6	OK
199312at5125	6	OK
199372at5125	6	OK
199382at5125	6	OK
199419at5125	6	OK
199456at5125	6	OK
199593at5125	6	OK
199674at5125	6	OK
199724at5125	6	OK
199879at5125	6	OK
199899at5125	6	OK
199971at5125	6	OK
200010at5125	6	OK
200142at5125	6	OK
200164at5125	6	OK
200235at5125	6	OK
200242at5125	6	OK
200245at5125	6	OK
20040at5125	6	OK
200518at5125	6	OK
200559at5125	6	OK
200612at5125	6	OK
200628at5125	6	OK
200645at5125	6	OK
200697at5125	6	OK
200751at5125	6	OK
200782at5125	6	OK
200910at5125	6	OK
201116at5125	6	OK
201225at5125	6	OK
201266at5125	6	OK
201302at5125	6	OK
201323at5125	6	OK
201351at5125	6	OK
201363at5125	6	OK
201373at5125	6	OK
201402at5125	6	OK
201436at5125	6	OK
201447at5125	6	OK
201452at5125	6	OK
20148at5125	6	OK
201505at5125	6	OK
201747at5125	6	OK
201831at5125	6	OK
201917at5125	6	OK
201961at5125	6	OK
201993at5125	6	OK
2019at5125	6	OK
202036at5125	6	OK
202087at5125	6	OK
202097at5125	6	OK
202111at5125	6	OK
202131at5125	6	OK
202148at5125	6	OK
202245at5125	6	OK
202256at5125	6	OK
202299at5125	6	OK
202406at5125	6	OK
202460at5125	6	OK
202461at5125	6	OK
202491at5125	6	OK
202556at5125	6	OK
202566at5125	6	OK
202672at5125	6	OK
202743at5125	6	OK
202792at5125	6	OK
202829at5125	6	OK
202921at5125	6	OK
202944at5125	6	OK
202954at5125	6	OK
202998at5125	6	OK
203025at5125	6	OK
203145at5125	6	OK
203184at5125	6	OK
203204at5125	6	OK
203210at5125	6	OK
203469at5125	6	OK
203508at5125	6	OK
203516at5125	6	OK
203550at5125	6	OK
203639at5125	6	OK
203657at5125	6	OK
203712at5125	6	OK
203716at5125	6	OK
203775at5125	6	OK
203828at5125	6	OK
203829at5125	6	OK
203914at5125	6	OK
204015at5125	6	OK
204017at5125	6	OK
204030at5125	6	OK
204130at5125	6	OK
204165at5125	6	OK
204247at5125	6	OK
204298at5125	6	OK
204319at5125	6	OK
204327at5125	6	OK
204387at5125	6	OK
204532at5125	6	OK
204606at5125	6	OK
204685at5125	6	OK
204852at5125	6	OK
204874at5125	6	OK
204967at5125	6	OK
204990at5125	6	OK
204996at5125	6	OK
205056at5125	6	OK
205087at5125	6	OK
205088at5125	6	OK
205135at5125	6	OK
205197at5125	6	OK
205212at5125	6	OK
205257at5125	6	OK
205272at5125	6	OK
205321at5125	6	OK
205416at5125	6	OK
205640at5125	6	OK
205747at5125	6	OK
205757at5125	6	OK
205809at5125	6	OK
205851at5125	6	OK
205972at5125	6	OK
205981at5125	6	OK
206043at5125	6	OK
206089at5125	6	OK
206104at5125	6	OK
206196at5125	6	OK
206609at5125	6	OK
206702at5125	6	OK
206952at5125	6	OK
206982at5125	6	OK
206999at5125	6	OK
207067at5125	6	OK
207293at5125	6	OK
207296at5125	6	OK
207350at5125	6	OK
207356at5125	6	OK
207372at5125	6	OK
207378at5125	6	OK
207475at5125	6	OK
207527at5125	6	OK
209086at5125	6	OK
20908at5125	6	OK
209555at5125	6	OK
210173at5125	6	OK
210838at5125	6	OK
210919at5125	6	OK
210931at5125	6	OK
210958at5125	6	OK
210978at5125	6	OK
210997at5125	6	OK
211003at5125	6	OK
211005at5125	6	OK
211008at5125	6	OK
211045at5125	6	OK
211046at5125	6	OK
211063at5125	6	OK
211074at5125	6	OK
211082at5125	6	OK
211089at5125	6	OK
211096at5125	6	OK
211097at5125	6	OK
211131at5125	6	OK
211148at5125	6	OK
211165at5125	6	OK
211193at5125	6	OK
211196at5125	6	OK
211199at5125	6	OK
211214at5125	6	OK
211217at5125	6	OK
211238at5125	6	OK
211269at5125	6	OK
211277at5125	6	OK
211278at5125	6	OK
211294at5125	6	OK
211308at5125	6	OK
211312at5125	6	OK
211319at5125	6	OK
211339at5125	6	OK
211343at5125	6	OK
211349at5125	6	OK
211361at5125	6	OK
211367at5125	6	OK
211374at5125	6	OK
211400at5125	6	OK
211429at5125	6	OK
211434at5125	6	OK
211442at5125	6	OK
211465at5125	6	OK
211468at5125	6	OK
211479at5125	6	OK
211484at5125	6	OK
211492at5125	6	OK
211530at5125	6	OK
211548at5125	6	OK
211587at5125	6	OK
211601at5125	6	OK
211620at5125	6	OK
211636at5125	6	OK
211655at5125	6	OK
211690at5125	6	OK
211711at5125	6	OK
211716at5125	6	OK
211720at5125	6	OK
211723at5125	6	OK
211726at5125	6	OK
211743at5125	6	OK
211744at5125	6	OK
211747at5125	6	OK
211748at5125	6	OK
211771at5125	6	OK
211780at5125	6	OK
211782at5125	6	OK
211785at5125	6	OK
211798at5125	6	OK
211801at5125	6	OK
211803at5125	6	OK
211817at5125	6	OK
211830at5125	6	OK
211911at5125	6	OK
211916at5125	6	OK
211934at5125	6	OK
211944at5125	6	OK
211948at5125	6	OK
211952at5125	6	OK
211957at5125	6	OK
211964at5125	6	OK
211977at5125	6	OK
211978at5125	6	OK
211980at5125	6	OK
211983at5125	6	OK
211999at5125	6	OK
212007at5125	6	OK
212016at5125	6	OK
212056at5125	6	OK
212065at5125	6	OK
21210at5125	6	OK
212114at5125	6	OK
212115at5125	6	OK
212144at5125	6	OK
212154at5125	6	OK
212171at5125	6	OK
212202at5125	6	OK
212211at5125	6	OK
212277at5125	6	OK
212285at5125	6	OK
212314at5125	6	OK
212332at5125	6	OK
212341at5125	6	OK
212343at5125	6	OK
212368at5125	6	OK
212387at5125	6	OK
212388at5125	6	OK
212401at5125	6	OK
212402at5125	6	OK
212406at5125	6	OK
212467at5125	6	OK
212486at5125	6	OK
212490at5125	6	OK
212492at5125	6	OK
212495at5125	6	OK
212510at5125	6	OK
212517at5125	6	OK
212522at5125	6	OK
212534at5125	6	OK
212549at5125	6	OK
212574at5125	6	OK
212591at5125	6	OK
212598at5125	6	OK
212645at5125	6	OK
212651at5125	6	OK
212682at5125	6	OK
212684at5125	6	OK
212691at5125	6	OK
212703at5125	6	OK
212736at5125	6	OK
212739at5125	6	OK
212741at5125	6	OK
212749at5125	6	OK
212768at5125	6	OK
212788at5125	6	OK
212797at5125	6	OK
212806at5125	6	OK
212829at5125	6	OK
212830at5125	6	OK
212831at5125	6	OK
212849at5125	6	OK
212874at5125	6	OK
212877at5125	6	OK
212885at5125	6	OK
212892at5125	6	OK
212920at5125	6	OK
212942at5125	6	OK
212957at5125	6	OK
212964at5125	6	OK
212965at5125	6	OK
212969at5125	6	OK
212983at5125	6	OK
212986at5125	6	OK
213004at5125	6	OK
213007at5125	6	OK
213018at5125	6	OK
213023at5125	6	OK
213058at5125	6	OK
213060at5125	6	OK
213080at5125	6	OK
213089at5125	6	OK
213123at5125	6	OK
213145at5125	6	OK
213167at5125	6	OK
213183at5125	6	OK
213184at5125	6	OK
213215at5125	6	OK
213225at5125	6	OK
213251at5125	6	OK
213269at5125	6	OK
213275at5125	6	OK
213279at5125	6	OK
213305at5125	6	OK
213358at5125	6	OK
213370at5125	6	OK
213372at5125	6	OK
213392at5125	6	OK
213393at5125	6	OK
213396at5125	6	OK
213405at5125	6	OK
213411at5125	6	OK
213421at5125	6	OK
213424at5125	6	OK
213450at5125	6	OK
213453at5125	6	OK
213464at5125	6	OK
213510at5125	6	OK
213515at5125	6	OK
213534at5125	6	OK
213546at5125	6	OK
213555at5125	6	OK
213570at5125	6	OK
213589at5125	6	OK
213609at5125	6	OK
213611at5125	6	OK
213616at5125	6	OK
213624at5125	6	OK
213636at5125	6	OK
213644at5125	6	OK
213695at5125	6	OK
213715at5125	6	OK
213719at5125	6	OK
213721at5125	6	OK
213746at5125	6	OK
213747at5125	6	OK
213754at5125	6	OK
213755at5125	6	OK
213760at5125	6	OK
213762at5125	6	OK
213766at5125	6	OK
213773at5125	6	OK
213780at5125	6	OK
213782at5125	6	OK
213792at5125	6	OK
213803at5125	6	OK
213806at5125	6	OK
213834at5125	6	OK
213854at5125	6	OK
213869at5125	6	OK
213870at5125	6	OK
213889at5125	6	OK
213920at5125	6	OK
213926at5125	6	OK
213931at5125	6	OK
213934at5125	6	OK
213947at5125	6	OK
213968at5125	6	OK
213974at5125	6	OK
213979at5125	6	OK
214002at5125	6	OK
214010at5125	6	OK
214015at5125	6	OK
214020at5125	6	OK
214040at5125	6	OK
214066at5125	6	OK
214067at5125	6	OK
214073at5125	6	OK
214076at5125	6	OK
214081at5125	6	OK
214095at5125	6	OK
214134at5125	6	OK
214164at5125	6	OK
214167at5125	6	OK
214178at5125	6	OK
214228at5125	6	OK
214292at5125	6	OK
214347at5125	6	OK
214387at5125	6	OK
214388at5125	6	OK
214395at5125	6	OK
214414at5125	6	OK
214425at5125	6	OK
214448at5125	6	OK
214450at5125	6	OK
214451at5125	6	OK
214463at5125	6	OK
214502at5125	6	OK
214507at5125	6	OK
214514at5125	6	OK
214520at5125	6	OK
214533at5125	6	OK
214541at5125	6	OK
214547at5125	6	OK
214563at5125	6	OK
214566at5125	6	OK
214580at5125	6	OK
214583at5125	6	OK
214615at5125	6	OK
214626at5125	6	OK
214647at5125	6	OK
214653at5125	6	OK
214697at5125	6	OK
214698at5125	6	OK
214705at5125	6	OK
214720at5125	6	OK
214735at5125	6	OK
214738at5125	6	OK
214766at5125	6	OK
214770at5125	6	OK
214800at5125	6	OK
214831at5125	6	OK
214839at5125	6	OK
214844at5125	6	OK
214850at5125	6	OK
214865at5125	6	OK
214866at5125	6	OK
214889at5125	6	OK
214893at5125	6	OK
214912at5125	6	OK
214932at5125	6	OK
214952at5125	6	OK
214983at5125	6	OK
214991at5125	6	OK
215013at5125	6	OK
215025at5125	6	OK
215043at5125	6	OK
215060at5125	6	OK
215062at5125	6	OK
215093at5125	6	OK
215106at5125	6	OK
215108at5125	6	OK
215109at5125	6	OK
215120at5125	6	OK
215144at5125	6	OK
215152at5125	6	OK
215188at5125	6	OK
215213at5125	6	OK
215218at5125	6	OK
215222at5125	6	OK
215236at5125	6	OK
215237at5125	6	OK
215254at5125	6	OK
215257at5125	6	OK
215259at5125	6	OK
215272at5125	6	OK
215279at5125	6	OK
215288at5125	6	OK
215387at5125	6	OK
215399at5125	6	OK
215403at5125	6	OK
215415at5125	6	OK
215417at5125	6	OK
215422at5125	6	OK
215430at5125	6	OK
215431at5125	6	OK
215451at5125	6	OK
215501at5125	6	OK
215508at5125	6	OK
215516at5125	6	OK
215529at5125	6	OK
215545at5125	6	OK
215547at5125	6	OK
215549at5125	6	OK
215564at5125	6	OK
215570at5125	6	OK
215577at5125	6	OK
215582at5125	6	OK
215607at5125	6	OK
215623at5125	6	OK
215632at5125	6	OK
215633at5125	6	OK
215637at5125	6	OK
215664at5125	6	OK
215669at5125	6	OK
215685at5125	6	OK
215697at5125	6	OK
215702at5125	6	OK
215709at5125	6	OK
215713at5125	6	OK
215722at5125	6	OK
215730at5125	6	OK
215733at5125	6	OK
215744at5125	6	OK
215749at5125	6	OK
215768at5125	6	OK
215780at5125	6	OK
215781at5125	6	OK
215782at5125	6	OK
215788at5125	6	OK
215799at5125	6	OK
215813at5125	6	OK
215824at5125	6	OK
215826at5125	6	OK
215833at5125	6	OK
215839at5125	6	OK
215856at5125	6	OK
215861at5125	6	OK
215883at5125	6	OK
215917at5125	6	OK
215928at5125	6	OK
215950at5125	6	OK
215967at5125	6	OK
215968at5125	6	OK
215991at5125	6	OK
215999at5125	6	OK
216020at5125	6	OK
216029at5125	6	OK
216040at5125	6	OK
216045at5125	6	OK
216053at5125	6	OK
216055at5125	6	OK
216091at5125	6	OK
216095at5125	6	OK
216153at5125	6	OK
216156at5125	6	OK
216159at5125	6	OK
216166at5125	6	OK
216194at5125	6	OK
216204at5125	6	OK
216210at5125	6	OK
216230at5125	6	OK
216233at5125	6	OK
216247at5125	6	OK
216264at5125	6	OK
216266at5125	6	OK
216293at5125	6	OK
216294at5125	6	OK
216296at5125	6	OK
216319at5125	6	OK
216326at5125	6	OK
216333at5125	6	OK
216343at5125	6	OK
216345at5125	6	OK
216348at5125	6	OK
216354at5125	6	OK
216358at5125	6	OK
216361at5125	6	OK
216377at5125	6	OK
216385at5125	6	OK
216386at5125	6	OK
216427at5125	6	OK
216449at5125	6	OK
216482at5125	6	OK
216507at5125	6	OK
216508at5125	6	OK
216518at5125	6	OK
216519at5125	6	OK
216527at5125	6	OK
216539at5125	6	OK
216541at5125	6	OK
216551at5125	6	OK
216581at5125	6	OK
216603at5125	6	OK
216658at5125	6	OK
216679at5125	6	OK
216683at5125	6	OK
216684at5125	6	OK
216685at5125	6	OK
216704at5125	6	OK
216716at5125	6	OK
216717at5125	6	OK
216718at5125	6	OK
216741at5125	6	OK
216762at5125	6	OK
216779at5125	6	OK
216804at5125	6	OK
216810at5125	6	OK
216819at5125	6	OK
216833at5125	6	OK
216843at5125	6	OK
216855at5125	6	OK
216887at5125	6	OK
216906at5125	6	OK
216908at5125	6	OK
216914at5125	6	OK
216919at5125	6	OK
216925at5125	6	OK
216956at5125	6	OK
216966at5125	6	OK
216977at5125	6	OK
216985at5125	6	OK
217017at5125	6	OK
217018at5125	6	OK
217021at5125	6	OK
217057at5125	6	OK
217060at5125	6	OK
217088at5125	6	OK
217120at5125	6	OK
217123at5125	6	OK
217140at5125	6	OK
217156at5125	6	OK
217172at5125	6	OK
217186at5125	6	OK
217207at5125	6	OK
217212at5125	6	OK
217223at5125	6	OK
217239at5125	6	OK
217259at5125	6	OK
217264at5125	6	OK
217277at5125	6	OK
217302at5125	6	OK
217318at5125	6	OK
217322at5125	6	OK
217330at5125	6	OK
217363at5125	6	OK
217381at5125	6	OK
217390at5125	6	OK
217432at5125	6	OK
217435at5125	6	OK
217441at5125	6	OK
217454at5125	6	OK
217471at5125	6	OK
217472at5125	6	OK
217525at5125	6	OK
217571at5125	6	OK
217582at5125	6	OK
217586at5125	6	OK
217626at5125	6	OK
217661at5125	6	OK
217662at5125	6	OK
217678at5125	6	OK
217693at5125	6	OK
217701at5125	6	OK
217711at5125	6	OK
217713at5125	6	OK
217730at5125	6	OK
217747at5125	6	OK
217750at5125	6	OK
217757at5125	6	OK
217781at5125	6	OK
217793at5125	6	OK
217799at5125	6	OK
217804at5125	6	OK
217827at5125	6	OK
217861at5125	6	OK
217889at5125	6	OK
217918at5125	6	OK
217927at5125	6	OK
217928at5125	6	OK
217978at5125	6	OK
217982at5125	6	OK
217996at5125	6	OK
217998at5125	6	OK
217999at5125	6	OK
218002at5125	6	OK
218010at5125	6	OK
218019at5125	6	OK
218024at5125	6	OK
218056at5125	6	OK
218057at5125	6	OK
218076at5125	6	OK
218079at5125	6	OK
218086at5125	6	OK
218090at5125	6	OK
218102at5125	6	OK
218104at5125	6	OK
218109at5125	6	OK
218115at5125	6	OK
218118at5125	6	OK
218128at5125	6	OK
218132at5125	6	OK
218136at5125	6	OK
218137at5125	6	OK
218142at5125	6	OK
218145at5125	6	OK
218149at5125	6	OK
218153at5125	6	OK
218197at5125	6	OK
218206at5125	6	OK
218230at5125	6	OK
218234at5125	6	OK
218240at5125	6	OK
218326at5125	6	OK
218337at5125	6	OK
218384at5125	6	OK
218388at5125	6	OK
218390at5125	6	OK
218401at5125	6	OK
218440at5125	6	OK
218454at5125	6	OK
218472at5125	6	OK
218486at5125	6	OK
218488at5125	6	OK
218490at5125	6	OK
218498at5125	6	OK
218521at5125	6	OK
218523at5125	6	OK
218525at5125	6	OK
218567at5125	6	OK
218582at5125	6	OK
218583at5125	6	OK
218596at5125	6	OK
218627at5125	6	OK
218638at5125	6	OK
218647at5125	6	OK
218664at5125	6	OK
218689at5125	6	OK
218694at5125	6	OK
218706at5125	6	OK
218731at5125	6	OK
218732at5125	6	OK
218739at5125	6	OK
218777at5125	6	OK
218786at5125	6	OK
218809at5125	6	OK
218813at5125	6	OK
218836at5125	6	OK
218850at5125	6	OK
218852at5125	6	OK
218856at5125	6	OK
218895at5125	6	OK
218915at5125	6	OK
218963at5125	6	OK
218964at5125	6	OK
218984at5125	6	OK
219052at5125	6	OK
219068at5125	6	OK
219087at5125	6	OK
21908at5125	6	OK
219101at5125	6	OK
219104at5125	6	OK
219117at5125	6	OK
219119at5125	6	OK
219123at5125	6	OK
219181at5125	6	OK
219203at5125	6	OK
219209at5125	6	OK
219235at5125	6	OK
219245at5125	6	OK
219266at5125	6	OK
21926at5125	6	OK
219282at5125	6	OK
219284at5125	6	OK
219299at5125	6	OK
219306at5125	6	OK
219337at5125	6	OK
219348at5125	6	OK
219355at5125	6	OK
219360at5125	6	OK
219361at5125	6	OK
219367at5125	6	OK
219412at5125	6	OK
219414at5125	6	OK
219418at5125	6	OK
219426at5125	6	OK
219512at5125	6	OK
219516at5125	6	OK
219532at5125	6	OK
219567at5125	6	OK
219573at5125	6	OK
219574at5125	6	OK
219582at5125	6	OK
219583at5125	6	OK
219600at5125	6	OK
219604at5125	6	OK
219607at5125	6	OK
219622at5125	6	OK
219651at5125	6	OK
219653at5125	6	OK
219655at5125	6	OK
219675at5125	6	OK
219692at5125	6	OK
219696at5125	6	OK
219703at5125	6	OK
219707at5125	6	OK
219721at5125	6	OK
219762at5125	6	OK
219780at5125	6	OK
219787at5125	6	OK
219796at5125	6	OK
219801at5125	6	OK
219809at5125	6	OK
219812at5125	6	OK
219833at5125	6	OK
219867at5125	6	OK
219871at5125	6	OK
219892at5125	6	OK
219898at5125	6	OK
219940at5125	6	OK
219977at5125	6	OK
219981at5125	6	OK
219983at5125	6	OK
220009at5125	6	OK
220034at5125	6	OK
220045at5125	6	OK
220052at5125	6	OK
220055at5125	6	OK
220097at5125	6	OK
220141at5125	6	OK
220145at5125	6	OK
220146at5125	6	OK
220164at5125	6	OK
220180at5125	6	OK
220205at5125	6	OK
220206at5125	6	OK
220211at5125	6	OK
220224at5125	6	OK
220227at5125	6	OK
220234at5125	6	OK
220241at5125	6	OK
220242at5125	6	OK
220250at5125	6	OK
220255at5125	6	OK
220263at5125	6	OK
220292at5125	6	OK
220339at5125	6	OK
220340at5125	6	OK
220356at5125	6	OK
220363at5125	6	OK
220366at5125	6	OK
220372at5125	6	OK
220376at5125	6	OK
220397at5125	6	OK
220414at5125	6	OK
220419at5125	6	OK
220435at5125	6	OK
220452at5125	6	OK
220456at5125	6	OK
220486at5125	6	OK
220496at5125	6	OK
220511at5125	6	OK
220516at5125	6	OK
220517at5125	6	OK
220524at5125	6	OK
220529at5125	6	OK
220530at5125	6	OK
220551at5125	6	OK
220572at5125	6	OK
220581at5125	6	OK
220592at5125	6	OK
220597at5125	6	OK
220599at5125	6	OK
220612at5125	6	OK
220646at5125	6	OK
220715at5125	6	OK
220723at5125	6	OK
220724at5125	6	OK
220732at5125	6	OK
220759at5125	6	OK
220769at5125	6	OK
220785at5125	6	OK
220786at5125	6	OK
220821at5125	6	OK
220823at5125	6	OK
220838at5125	6	OK
220842at5125	6	OK
220850at5125	6	OK
220877at5125	6	OK
220890at5125	6	OK
220968at5125	6	OK
220985at5125	6	OK
221004at5125	6	OK
221018at5125	6	OK
221021at5125	6	OK
221038at5125	6	OK
221042at5125	6	OK
221047at5125	6	OK
221060at5125	6	OK
221075at5125	6	OK
221089at5125	6	OK
221103at5125	6	OK
221106at5125	6	OK
221116at5125	6	OK
221138at5125	6	OK
221141at5125	6	OK
221158at5125	6	OK
221182at5125	6	OK
221212at5125	6	OK
221222at5125	6	OK
221228at5125	6	OK
221239at5125	6	OK
221247at5125	6	OK
221278at5125	6	OK
221279at5125	6	OK
221281at5125	6	OK
221282at5125	6	OK
221300at5125	6	OK
221315at5125	6	OK
221322at5125	6	OK
221332at5125	6	OK
221345at5125	6	OK
221352at5125	6	OK
221361at5125	6	OK
221369at5125	6	OK
221389at5125	6	OK
221393at5125	6	OK
221395at5125	6	OK
221396at5125	6	OK
221415at5125	6	OK
221466at5125	6	OK
221470at5125	6	OK
221476at5125	6	OK
221492at5125	6	OK
221501at5125	6	OK
221516at5125	6	OK
221525at5125	6	OK
221527at5125	6	OK
221533at5125	6	OK
221549at5125	6	OK
221560at5125	6	OK
221582at5125	6	OK
221593at5125	6	OK
221607at5125	6	OK
221608at5125	6	OK
221610at5125	6	OK
221615at5125	6	OK
221622at5125	6	OK
221637at5125	6	OK
221645at5125	6	OK
221648at5125	6	OK
221670at5125	6	OK
221680at5125	6	OK
221689at5125	6	OK
221698at5125	6	OK
221758at5125	6	OK
221810at5125	6	OK
221813at5125	6	OK
221831at5125	6	OK
221852at5125	6	OK
221866at5125	6	OK
221873at5125	6	OK
221879at5125	6	OK
221913at5125	6	OK
221926at5125	6	OK
221929at5125	6	OK
221953at5125	6	OK
221985at5125	6	OK
221997at5125	6	OK
222003at5125	6	OK
222052at5125	6	OK
222072at5125	6	OK
222092at5125	6	OK
222094at5125	6	OK
222153at5125	6	OK
222159at5125	6	OK
222173at5125	6	OK
222174at5125	6	OK
222177at5125	6	OK
222182at5125	6	OK
222198at5125	6	OK
222206at5125	6	OK
222216at5125	6	OK
222227at5125	6	OK
222280at5125	6	OK
222281at5125	6	OK
222284at5125	6	OK
222287at5125	6	OK
222290at5125	6	OK
222341at5125	6	OK
222352at5125	6	OK
222374at5125	6	OK
222376at5125	6	OK
222384at5125	6	OK
222418at5125	6	OK
222430at5125	6	OK
222441at5125	6	OK
222445at5125	6	OK
222485at5125	6	OK
222491at5125	6	OK
222528at5125	6	OK
222546at5125	6	OK
22255at5125	6	OK
222567at5125	6	OK
222574at5125	6	OK
222624at5125	6	OK
222629at5125	6	OK
222634at5125	6	OK
222646at5125	6	OK
222663at5125	6	OK
222665at5125	6	OK
22269at5125	6	OK
222704at5125	6	OK
222715at5125	6	OK
222729at5125	6	OK
222753at5125	6	OK
222763at5125	6	OK
222766at5125	6	OK
222776at5125	6	OK
222812at5125	6	OK
222814at5125	6	OK
222843at5125	6	OK
222853at5125	6	OK
222863at5125	6	OK
222901at5125	6	OK
222908at5125	6	OK
222933at5125	6	OK
222951at5125	6	OK
222954at5125	6	OK
222999at5125	6	OK
223015at5125	6	OK
223067at5125	6	OK
223090at5125	6	OK
223102at5125	6	OK
223114at5125	6	OK
223115at5125	6	OK
223138at5125	6	OK
223144at5125	6	OK
223166at5125	6	OK
223179at5125	6	OK
223181at5125	6	OK
223184at5125	6	OK
223190at5125	6	OK
223198at5125	6	OK
223225at5125	6	OK
223242at5125	6	OK
223246at5125	6	OK
223268at5125	6	OK
223340at5125	6	OK
223351at5125	6	OK
223386at5125	6	OK
223392at5125	6	OK
223398at5125	6	OK
223421at5125	6	OK
223434at5125	6	OK
223466at5125	6	OK
223468at5125	6	OK
223470at5125	6	OK
223499at5125	6	OK
223509at5125	6	OK
223512at5125	6	OK
223534at5125	6	OK
223543at5125	6	OK
223556at5125	6	OK
223567at5125	6	OK
223592at5125	6	OK
223602at5125	6	OK
223622at5125	6	OK
223645at5125	6	OK
223673at5125	6	OK
223681at5125	6	OK
223707at5125	6	OK
223737at5125	6	OK
223741at5125	6	OK
223745at5125	6	OK
223769at5125	6	OK
223785at5125	6	OK
223797at5125	6	OK
223799at5125	6	OK
223807at5125	6	OK
223819at5125	6	OK
223820at5125	6	OK
223824at5125	6	OK
223893at5125	6	OK
223898at5125	6	OK
223908at5125	6	OK
223909at5125	6	OK
223920at5125	6	OK
224042at5125	6	OK
224044at5125	6	OK
224050at5125	6	OK
224052at5125	6	OK
224058at5125	6	OK
224080at5125	6	OK
224085at5125	6	OK
224092at5125	6	OK
224144at5125	6	OK
224150at5125	6	OK
224170at5125	6	OK
224210at5125	6	OK
224257at5125	6	OK
224350at5125	6	OK
224389at5125	6	OK
224422at5125	6	OK
224443at5125	6	OK
224454at5125	6	OK
224473at5125	6	OK
224488at5125	6	OK
224494at5125	6	OK
224507at5125	6	OK
224534at5125	6	OK
224557at5125	6	OK
224575at5125	6	OK
224629at5125	6	OK
226417at5125	6	OK
226951at5125	6	OK
226966at5125	6	OK
227019at5125	6	OK
227050at5125	6	OK
227295at5125	6	OK
227300at5125	6	OK
227331at5125	6	OK
227452at5125	6	OK
22746at5125	6	OK
227519at5125	6	OK
227528at5125	6	OK
227644at5125	6	OK
227791at5125	6	OK
227932at5125	6	OK
228044at5125	6	OK
228045at5125	6	OK
228275at5125	6	OK
23119at5125	6	OK
23161at5125	6	OK
23233at5125	6	OK
23412at5125	6	OK
23533at5125	6	OK
23667at5125	6	OK
25334at5125	6	OK
25341at5125	6	OK
25373at5125	6	OK
25837at5125	6	OK
25927at5125	6	OK
25989at5125	6	OK
27800at5125	6	OK
27835at5125	6	OK
28081at5125	6	OK
2810at5125	6	OK
28608at5125	6	OK
2860at5125	6	OK
28628at5125	6	OK
28680at5125	6	OK
28761at5125	6	OK
29110at5125	6	OK
29239at5125	6	OK
29332at5125	6	OK
29445at5125	6	OK
29491at5125	6	OK
29617at5125	6	OK
29683at5125	6	OK
30317at5125	6	OK
30405at5125	6	OK
30923at5125	6	OK
31012at5125	6	OK
31075at5125	6	OK
31179at5125	6	OK
31314at5125	6	OK
31343at5125	6	OK
31619at5125	6	OK
31696at5125	6	OK
31753at5125	6	OK
32145at5125	6	OK
32284at5125	6	OK
32666at5125	6	OK
32730at5125	6	OK
32748at5125	6	OK
33012at5125	6	OK
33101at5125	6	OK
33226at5125	6	OK
33299at5125	6	OK
33840at5125	6	OK
33926at5125	6	OK
33953at5125	6	OK
34096at5125	6	OK
34574at5125	6	OK
35216at5125	6	OK
35308at5125	6	OK
35570at5125	6	OK
35630at5125	6	OK
35744at5125	6	OK
35964at5125	6	OK
36308at5125	6	OK
3723at5125	6	OK
38498at5125	6	OK
39102at5125	6	OK
39179at5125	6	OK
3927at5125	6	OK
39338at5125	6	OK
39398at5125	6	OK
39467at5125	6	OK
39772at5125	6	OK
40012at5125	6	OK
40335at5125	6	OK
40402at5125	6	OK
40614at5125	6	OK
41003at5125	6	OK
41048at5125	6	OK
41182at5125	6	OK
41504at5125	6	OK
41551at5125	6	OK
41934at5125	6	OK
42080at5125	6	OK
42205at5125	6	OK
4250at5125	6	OK
43025at5125	6	OK
43081at5125	6	OK
43840at5125	6	OK
44251at5125	6	OK
44326at5125	6	OK
44525at5125	6	OK
44554at5125	6	OK
44703at5125	6	OK
44919at5125	6	OK
45226at5125	6	OK
45437at5125	6	OK
45442at5125	6	OK
45760at5125	6	OK
45902at5125	6	OK
46219at5125	6	OK
46325at5125	6	OK
46331at5125	6	OK
46589at5125	6	OK
46939at5125	6	OK
46946at5125	6	OK
47007at5125	6	OK
47141at5125	6	OK
47364at5125	6	OK
47502at5125	6	OK
47657at5125	6	OK
48014at5125	6	OK
48049at5125	6	OK
48063at5125	6	OK
48091at5125	6	OK
481at5125	6	OK
4866at5125	6	OK
48777at5125	6	OK
49025at5125	6	OK
49263at5125	6	OK
49280at5125	6	OK
49463at5125	6	OK
49865at5125	6	OK
50124at5125	6	OK
50655at5125	6	OK
50750at5125	6	OK
51549at5125	6	OK
52787at5125	6	OK
5292at5125	6	OK
52936at5125	6	OK
52986at5125	6	OK
53093at5125	6	OK
53485at5125	6	OK
53733at5125	6	OK
53840at5125	6	OK
54472at5125	6	OK
55190at5125	6	OK
55284at5125	6	OK
55702at5125	6	OK
55966at5125	6	OK
56002at5125	6	OK
56082at5125	6	OK
56725at5125	6	OK
56866at5125	6	OK
57446at5125	6	OK
57925at5125	6	OK
58060at5125	6	OK
58194at5125	6	OK
58559at5125	6	OK
58621at5125	6	OK
58722at5125	6	OK
58942at5125	6	OK
59126at5125	6	OK
60029at5125	6	OK
60382at5125	6	OK
60519at5125	6	OK
60521at5125	6	OK
60771at5125	6	OK
60997at5125	6	OK
61008at5125	6	OK
61042at5125	6	OK
61166at5125	6	OK
61376at5125	6	OK
61402at5125	6	OK
62238at5125	6	OK
62445at5125	6	OK
62516at5125	6	OK
62738at5125	6	OK
62809at5125	6	OK
62876at5125	6	OK
62918at5125	6	OK
63103at5125	6	OK
63492at5125	6	OK
63495at5125	6	OK
63745at5125	6	OK
63761at5125	6	OK
63896at5125	6	OK
63917at5125	6	OK
64092at5125	6	OK
64106at5125	6	OK
64271at5125	6	OK
6464at5125	6	OK
64677at5125	6	OK
65121at5125	6	OK
65274at5125	6	OK
6563at5125	6	OK
65810at5125	6	OK
66128at5125	6	OK
66398at5125	6	OK
66551at5125	6	OK
66782at5125	6	OK
66899at5125	6	OK
66960at5125	6	OK
67164at5125	6	OK
67190at5125	6	OK
67210at5125	6	OK
67232at5125	6	OK
67240at5125	6	OK
67275at5125	6	OK
67291at5125	6	OK
67406at5125	6	OK
67605at5125	6	OK
68189at5125	6	OK
68698at5125	6	OK
68913at5125	6	OK
68921at5125	6	OK
69044at5125	6	OK
69204at5125	6	OK
69233at5125	6	OK
69386at5125	6	OK
69391at5125	6	OK
69552at5125	6	OK
6957at5125	6	OK
70050at5125	6	OK
70218at5125	6	OK
70418at5125	6	OK
70457at5125	6	OK
70498at5125	6	OK
70516at5125	6	OK
70552at5125	6	OK
70613at5125	6	OK
70797at5125	6	OK
71030at5125	6	OK
71043at5125	6	OK
71324at5125	6	OK
71452at5125	6	OK
71475at5125	6	OK
71779at5125	6	OK
72119at5125	6	OK
72371at5125	6	OK
72413at5125	6	OK
72609at5125	6	OK
72719at5125	6	OK
72725at5125	6	OK
72837at5125	6	OK
72947at5125	6	OK
73333at5125	6	OK
73549at5125	6	OK
73781at5125	6	OK
74061at5125	6	OK
74166at5125	6	OK
74509at5125	6	OK
74793at5125	6	OK
74795at5125	6	OK
74829at5125	6	OK
74950at5125	6	OK
7497at5125	6	OK
75182at5125	6	OK
76505at5125	6	OK
76858at5125	6	OK
77032at5125	6	OK
77314at5125	6	OK
77340at5125	6	OK
77682at5125	6	OK
77888at5125	6	OK
77951at5125	6	OK
7819at5125	6	OK
78330at5125	6	OK
78381at5125	6	OK
78405at5125	6	OK
78454at5125	6	OK
78486at5125	6	OK
78553at5125	6	OK
78683at5125	6	OK
78896at5125	6	OK
79364at5125	6	OK
79423at5125	6	OK
79478at5125	6	OK
79488at5125	6	OK
79557at5125	6	OK
79655at5125	6	OK
79708at5125	6	OK
79767at5125	6	OK
79853at5125	6	OK
80265at5125	6	OK
80347at5125	6	OK
80487at5125	6	OK
80840at5125	6	OK
80945at5125	6	OK
81015at5125	6	OK
81061at5125	6	OK
81170at5125	6	OK
81416at5125	6	OK
81611at5125	6	OK
81721at5125	6	OK
81735at5125	6	OK
82110at5125	6	OK
82295at5125	6	OK
82463at5125	6	OK
82577at5125	6	OK
82852at5125	6	OK
82854at5125	6	OK
82942at5125	6	OK
83007at5125	6	OK
83280at5125	6	OK
83415at5125	6	OK
83427at5125	6	OK
83530at5125	6	OK
83590at5125	6	OK
83615at5125	6	OK
83818at5125	6	OK
83939at5125	6	OK
83952at5125	6	OK
83961at5125	6	OK
84108at5125	6	OK
84420at5125	6	OK
84814at5125	6	OK
85307at5125	6	OK
85340at5125	6	OK
85382at5125	6	OK
85513at5125	6	OK
85573at5125	6	OK
85694at5125	6	OK
85714at5125	6	OK
85958at5125	6	OK
85971at5125	6	OK
85979at5125	6	OK
85984at5125	6	OK
86087at5125	6	OK
86374at5125	6	OK
86559at5125	6	OK
86668at5125	6	OK
86761at5125	6	OK
86770at5125	6	OK
86949at5125	6	OK
87578at5125	6	OK
87642at5125	6	OK
87718at5125	6	OK
88002at5125	6	OK
88040at5125	6	OK
88294at5125	6	OK
88557at5125	6	OK
88773at5125	6	OK
88795at5125	6	OK
88809at5125	6	OK
88833at5125	6	OK
88938at5125	6	OK
88977at5125	6	OK
89075at5125	6	OK
89742at5125	6	OK
89990at5125	6	OK
90032at5125	6	OK
90167at5125	6	OK
90279at5125	6	OK
90358at5125	6	OK
90405at5125	6	OK
90769at5125	6	OK
91097at5125	6	OK
91104at5125	6	OK
91138at5125	6	OK
91167at5125	6	OK
91178at5125	6	OK
91187at5125	6	OK
9118at5125	6	OK
91191at5125	6	OK
91215at5125	6	OK
91374at5125	6	OK
91532at5125	6	OK
91640at5125	6	OK
91733at5125	6	OK
91926at5125	6	OK
92070at5125	6	OK
92364at5125	6	OK
92482at5125	6	OK
92516at5125	6	OK
92520at5125	6	OK
92661at5125	6	OK
93089at5125	6	OK
93093at5125	6	OK
93172at5125	6	OK
93590at5125	6	OK
94166at5125	6	OK
94224at5125	6	OK
94482at5125	6	OK
94683at5125	6	OK
94851at5125	6	OK
94917at5125	6	OK
95055at5125	6	OK
95110at5125	6	OK
95147at5125	6	OK
95185at5125	6	OK
95411at5125	6	OK
95427at5125	6	OK
95447at5125	6	OK
95574at5125	6	OK
95759at5125	6	OK
95890at5125	6	OK
95965at5125	6	OK
95990at5125	6	OK
96009at5125	6	OK
96036at5125	6	OK
96059at5125	6	OK
96196at5125	6	OK
96220at5125	6	OK
96359at5125	6	OK
96684at5125	6	OK
96733at5125	6	OK
96764at5125	6	OK
96805at5125	6	OK
96869at5125	6	OK
97035at5125	6	OK
97056at5125	6	OK
97123at5125	6	OK
97185at5125	6	OK
97356at5125	6	OK
97750at5125	6	OK
97858at5125	6	OK
98063at5125	6	OK
98133at5125	6	OK
98559at5125	6	OK
98617at5125	6	OK
98801at5125	6	OK
98873at5125	6	OK
98956at5125	6	OK
99199at5125	6	OK
99321at5125	6	OK
99363at5125	6	OK
99397at5125	6	OK
99494at5125	6	OK
99497at5125	6	OK
99767at5125	6	OK
